[{"id":"login","uri":"features/fixtures/login.feature","keyword":"Funcionalidade","name":"Login","description":"    Para que o usuario possa ter acesso a todas as funcionalidades do sistema\n    Devera ser efetuado o login","line":3,"elements":[{"id":"login;usuario-deve-ser-autorizado","keyword":"Cenario","name":"Usuario deve ser autorizado","description":"","line":12,"type":"scenario","steps":[{"keyword":"Dado ","name":"que o usuario acesse a pagina principal","line":8,"match":{"location":"features/step_definitions/login_steps.rb:1"},"result":{"status":"passed","duration":4172235477}},{"keyword":"Quando ","name":"o usuario acessar a pagina de login","line":9,"match":{"location":"features/step_definitions/login_steps.rb:5"},"result":{"status":"passed","duration":1120142904}},{"keyword":"Quando ","name":"o usuario preencher campos de login e senha","line":13,"match":{"location":"features/step_definitions/login_steps.rb:9"},"result":{"status":"passed","duration":1824142695}},{"keyword":"Então ","name":"deve ser redirecionado a pagina de my account","line":14,"match":{"location":"features/step_definitions/login_steps.rb:13"},"result":{"status":"passed","duration":59162487}}],"tags":[{"name":"@logincomsucesso","line":11}],"before":[{"match":{"location":"capybara-3.35.3/lib/capybara/cucumber.rb:14"},"result":{"status":"passed","duration":24900}},{"match":{"location":"capybara-3.35.3/lib/capybara/cucumber.rb:22"},"result":{"status":"passed","duration":16219}},{"match":{"location":"features/support/hooks.rb:3"},"result":{"status":"passed","duration":10091}}],"after":[{"match":{"location":"features/support/hooks.rb:16"},"result":{"status":"failed","error_message":"undefined method `embed' for #<Object:0x00005598c0650690> (NoMethodError)\n./features/support/hooks.rb:27:in `After'","duration":100061226}},{"match":{"location":"capybara-3.35.3/lib/capybara/cucumber.rb:10"},"result":{"status":"passed","duration":39469976}}]}]}]